<?xml version="1.0" encoding="windows-1252"?>
<process version="4.6">

  <operator name="Root" class="Process" expanded="yes">
      <parameter key="logverbosity"	value="init"/>
      <parameter key="random_seed"	value="2001"/>
      <parameter key="send_mail"	value="never"/>
      <parameter key="process_duration_for_mail"	value="30"/>
      <parameter key="encoding"	value="SYSTEM"/>
      <operator name="ExcelExampleSource" class="ExcelExampleSource">
          <parameter key="excel_file"	value="C:\Users\Meher\Documents\DM Project\CData.xls"/>
          <parameter key="sheet_number"	value="1"/>
          <parameter key="row_offset"	value="0"/>
          <parameter key="column_offset"	value="0"/>
          <parameter key="first_row_as_names"	value="true"/>
          <parameter key="create_label"	value="true"/>
          <parameter key="label_column"	value="22"/>
          <parameter key="create_id"	value="true"/>
          <parameter key="id_column"	value="1"/>
          <parameter key="decimal_point_character"	value="."/>
          <parameter key="datamanagement"	value="double_array"/>
      </operator>
  </operator>

</process>
